,author_id,author_id_new,conv_id_new,conversation_id,created_at,entities.mentions,id,id_new,public_metrics.like_count,public_metrics.quote_count,public_metrics.reply_count,public_metrics.retweet_count,referenced_tweets,text,users.created_at,users.description,users.id,users.name,users.public_metrics.followers_count,users.public_metrics.following_count,users.public_metrics.listed_count,users.public_metrics.tweet_count,users.username,users.verified
0,169426475,author_id: 169426475,conv_id: 1200912494774169601,1200912494774169601,2019-11-30T23:00:25.000Z,"[{'start': 180, 'end': 192, 'username': 'vonderleyen', 'id': '1146329871418843136'}]",1200912494774169601,id: 1200912494774169601,7146,144,509,1117,,"I am not one for farewells, so it is not goodbye but â€˜au revoirâ€™. Je suis amoureux de l'Europe et lui resterait fidÃ¨le. I will never cease to lend my voice and my heart to Europe. @vonderleyen, I wish you all the best. Passen Sie auf Europa auf. ğŸ‡ªğŸ‡º https://t.co/DxW6LjXjB3",2010-07-22T09:12:28.000Z,Luxembourger. European.,169426475,Jean-Claude Juncker,698140,947,5018,1849,JunckerEU,True
1,169426475,author_id: 169426475,conv_id: 1199650525970620416,1199650525970620416,2019-11-27T11:25:48.000Z,"[{'start': 16, 'end': 28, 'username': 'vonderleyen', 'id': '1146329871418843136'}, {'start': 53, 'end': 65, 'username': 'Europarl_EN', 'id': '36329597'}]",1199650525970620416,id: 1199650525970620416,1142,21,88,298,,"Congratulations @vonderleyen! With todayâ€™s vote, the @Europarl_EN reaffirmed its unwavering trust in you &amp; your team #VdLCommission. A new journey starts for you today. I know that under your leadership, we will see a stronger, greener and more digital ğŸ‡ªğŸ‡º I wish you all the best.",2010-07-22T09:12:28.000Z,Luxembourger. European.,169426475,Jean-Claude Juncker,698140,947,5018,1849,JunckerEU,True
2,169426475,author_id: 169426475,conv_id: 1199325627381407744,1199325627381407744,2019-11-26T13:54:46.000Z,"[{'start': 110, 'end': 125, 'username': 'EmmanuelMacron', 'id': '1976143068'}]",1199325627381407744,id: 1199325627381407744,297,4,32,119,"[{'type': 'quoted', 'id': '1199323274657902592'}]","En hommage aux soldats franÃ§ais, je prÃ©sente mes condolÃ©ances Ã©mues aux familles et aux proches des victimes, @EmmanuelMacron et Ã  lâ€™ensemble de la nation ğŸ‡«ğŸ‡·. Câ€™est lâ€™Europe toute entiÃ¨re qui est en deuil car câ€™est lâ€™armÃ©e franÃ§aise qui dÃ©fend lâ€™honneur et la sÃ©curitÃ© de lâ€™Europe https://t.co/EYILSiq6eo",2010-07-22T09:12:28.000Z,Luxembourger. European.,169426475,Jean-Claude Juncker,698140,947,5018,1849,JunckerEU,True
3,169426475,author_id: 169426475,conv_id: 1198927081956106240,1198927081956106240,2019-11-25T11:31:05.000Z,"[{'start': 22, 'end': 36, 'username': 'KlausIohannis', 'id': '2765824141'}]",1198927081956106240,id: 1198927081956106240,256,7,21,63,,"ğŸ‡ªğŸ‡ºğŸ‡·ğŸ‡´ Congratulations, @KlausIohannis on your re-election as President. The strong support of the ğŸ‡·ğŸ‡´ people for your unequivocally pro-European choices for the country comes at an important time in Europe. I know I can count on #Romania's active role in furthering the ğŸ‡ªğŸ‡º project. https://t.co/zc5j706kqt",2010-07-22T09:12:28.000Z,Luxembourger. European.,169426475,Jean-Claude Juncker,698140,947,5018,1849,JunckerEU,True
4,169426475,author_id: 169426475,conv_id: 1197467074441990144,1197467074441990144,2019-11-21T10:49:33.000Z,"[{'start': 22, 'end': 33, 'username': 'donaldtusk', 'id': '375146901'}, {'start': 72, 'end': 76, 'username': 'EPP', 'id': '93687642'}]",1197467074441990144,id: 1197467074441990144,449,7,49,98,,"Congratulations, dear @donaldtusk, on your election as President of the @EPP. Throughout your career you have given much to the ğŸ‡ªğŸ‡º project and I am sure that you will continue to serve a united Europe - one that is firmly based on democracy, the rule of law and social justice. https://t.co/mJRiEDFM6m",2010-07-22T09:12:28.000Z,Luxembourger. European.,169426475,Jean-Claude Juncker,698140,947,5018,1849,JunckerEU,True
5,169426475,author_id: 169426475,conv_id: 1193075883441033216,1193075883441033216,2019-11-09T08:00:31.000Z,,1193075883441033216,id: 1193075883441033216,121,1,30,38,,"La chute du mur Ã©tait un moment dÃ©terminant pour la politique mondiale et le dÃ©but d'un nouveau chapitre â€” pour notre continent europÃ©en et pour moi personnellement. #MauerFall30

https://t.co/gC2sj4D3YA https://t.co/hD1chS9jas",2010-07-22T09:12:28.000Z,Luxembourger. European.,169426475,Jean-Claude Juncker,698140,947,5018,1849,JunckerEU,True
6,169426475,author_id: 169426475,conv_id: 1193075615739588608,1193075615739588608,2019-11-09T07:59:27.000Z,,1193075615739588608,id: 1193075615739588608,783,14,40,263,,"The fall of the Berlin Wall was a milestone for world politics and the start of a new chapter, both for the continent of Europe and for me. #MauerFall30

https://t.co/lK05F61J7j https://t.co/qCcSH6fZRa",2010-07-22T09:12:28.000Z,Luxembourger. European.,169426475,Jean-Claude Juncker,698140,947,5018,1849,JunckerEU,True
7,169426475,author_id: 169426475,conv_id: 1193075353578876928,1193075353578876928,2019-11-09T07:58:25.000Z,,1193075353578876928,id: 1193075353578876928,148,1,12,49,,"Der Mauerfall war ein Meilenstein der Weltpolitik und der Anfang eines neuen Lebensabschnittes â€“ fÃ¼r unseren europÃ¤ischen Kontinent und fÃ¼r mich persÃ¶nlich.  #MauerFall30

https://t.co/xr59yGJukM https://t.co/QehJatCKbI",2010-07-22T09:12:28.000Z,Luxembourger. European.,169426475,Jean-Claude Juncker,698140,947,5018,1849,JunckerEU,True
8,169426475,author_id: 169426475,conv_id: 1191740260482535426,1191740260482535426,2019-11-05T15:33:14.000Z,,1191740260482535426,id: 1191740260482535426,152,9,20,51,,Congratulations Ludovic Orban. I am confident the â€œspirit of Sibiuâ€ and our desire for a stronger Europe at home and abroad will continue to inspire future action. https://t.co/6FrAbKYcz5,2010-07-22T09:12:28.000Z,Luxembourger. European.,169426475,Jean-Claude Juncker,698140,947,5018,1849,JunckerEU,True
9,169426475,author_id: 169426475,conv_id: 1191712866904215555,1191712866904215555,2019-11-05T13:44:23.000Z,"[{'start': 66, 'end': 80, 'username': 'EU_Commission', 'id': '157981564'}]",1191712866904215555,id: 1191712866904215555,879,8,52,160,,"Danke, merci, thank you to the excellent Directors-General of the @EU_Commission! Alleine sind wir nichts, zusammen sind wir alles. You did not cease to inspire me. Les institutions ne sont rien sans les hommes et les femmes qui les font vivre. ğŸ‡ªğŸ‡º https://t.co/8Span9XcQp",2010-07-22T09:12:28.000Z,Luxembourger. European.,169426475,Jean-Claude Juncker,698140,947,5018,1849,JunckerEU,True
10,169426475,author_id: 169426475,conv_id: 1189594310834036736,1189594310834036736,2019-10-30T17:25:59.000Z,,1189594310834036736,id: 1189594310834036736,555,8,54,79,,Merci de tout cÅ“ur Ã  tout lâ€™Ã©quipe #TeamJunckerEU. I could never have done it without you! Ich werde euch ewig dankbar sein. ğŸ‡ªğŸ‡º https://t.co/mDTlJd33jt,2010-07-22T09:12:28.000Z,Luxembourger. European.,169426475,Jean-Claude Juncker,698140,947,5018,1849,JunckerEU,True
11,169426475,author_id: 169426475,conv_id: 1189557258897776640,1189557258897776640,2019-10-30T14:58:46.000Z,"[{'start': 27, 'end': 40, 'username': 'MartinSchulz', 'id': '17675072'}]",1189557258897776640,id: 1189557258897776640,418,5,53,57,,"Ich habe mich sehr gefreut @MartinSchulz wiederzusehen. Wir sind gemeinsam fÃ¼r ein Europa eingetreten, in dem Grenzen verbinden statt zu trennen. Danke, dass Du stets ein VerbÃ¼ndeter fÃ¼r Europa warst und mir ein Freund bist, lieber Martin! https://t.co/MUEiXBI3SM",2010-07-22T09:12:28.000Z,Luxembourger. European.,169426475,Jean-Claude Juncker,698140,947,5018,1849,JunckerEU,True
12,169426475,author_id: 169426475,conv_id: 1188841210615685121,1188841210615685121,2019-10-28T15:33:26.000Z,,1188841210615685121,id: 1188841210615685121,661,31,70,185,,"Merci Mario, graze mille Mario, you have done Europe a great service! https://t.co/kWDhGj3EMH",2010-07-22T09:12:28.000Z,Luxembourger. European.,169426475,Jean-Claude Juncker,698140,947,5018,1849,JunckerEU,True
13,169426475,author_id: 169426475,conv_id: 1188821317979652096,1188821317979652096,2019-10-28T14:14:24.000Z,"[{'start': 1, 'end': 15, 'username': 'Sophie_Wilmes', 'id': '516626068'}]",1188821317979652096,id: 1188821317979652096,238,1,24,54,,".@Sophie_Wilmes, fÃ©licitations pour votre nomination Ã  la tÃªte du gouvernement ğŸ‡§ğŸ‡ª. Je sais pouvoir compter sur la contribution de la #Belgique pour faire avancer lâ€™Europe ğŸ‡ªğŸ‡º, comme cela a toujours Ã©tÃ© le cas par le passÃ©. Gefeliciteerd. https://t.co/EGe8BxOWfB",2010-07-22T09:12:28.000Z,Luxembourger. European.,169426475,Jean-Claude Juncker,698140,947,5018,1849,JunckerEU,True
14,169426475,author_id: 169426475,conv_id: 1186633212254179329,1186633212254179329,2019-10-22T13:19:39.000Z,,1186633212254179329,id: 1186633212254179329,1855,93,572,494,,"Long live Europe! Lang lebe Europa! Vive lâ€™Europe! ğŸ‡ªğŸ‡º

https://t.co/85HvMjWlR5 https://t.co/avBMea3TE9",2010-07-22T09:12:28.000Z,Luxembourger. European.,169426475,Jean-Claude Juncker,698140,947,5018,1849,JunckerEU,True
15,169426475,author_id: 169426475,conv_id: 1184764705384124416,1184764705384124416,2019-10-17T09:34:52.000Z,,1184764705384124416,id: 1184764705384124416,10768,2239,1349,7267,,"ğŸ‡ªğŸ‡ºğŸ¤ğŸ‡¬ğŸ‡§ Where there is a will, there is a #deal - we have one! Itâ€™s a fair and balanced agreement for the EU and the UK and it is testament to our commitment to find solutions. I recommend that #EUCO endorses this deal. https://t.co/7AfKyCZ6k9",2010-07-22T09:12:28.000Z,Luxembourger. European.,169426475,Jean-Claude Juncker,698140,947,5018,1849,JunckerEU,True
16,169426475,author_id: 169426475,conv_id: 1184470994515312640,1184470994515312640,2019-10-16T14:07:46.000Z,,1184470994515312640,id: 1184470994515312640,538,23,93,190,,"This was my last #TripartiteSocialSummit, but work on the social dimension of the #EU must go on. I am happy that we can build on the European Pillar of #SocialRights and that the #EULabourAuthority starts its work today. It wouldnâ€™t be Europe if it was not social. https://t.co/Dy3TWaxXQe",2010-07-22T09:12:28.000Z,Luxembourger. European.,169426475,Jean-Claude Juncker,698140,947,5018,1849,JunckerEU,True
17,169426475,author_id: 169426475,conv_id: 1182657183709831168,1182657183709831168,2019-10-11T14:00:19.000Z,,1182657183709831168,id: 1182657183709831168,216,21,45,70,,"Willy Helin nous a quittÃ© ce matin. Aux cotÃ©s d'Etienne Davignon pendant plus de 10 ans puis comme chef de reprÃ©sentation de la Commission, il n'a jamais cessÃ© de dÃ©fendre et d'expliquer l'Europe. A son Ã©pouse Solange et Ã  leurs 2 enfants, je prÃ©sente mes condolÃ©ances attristÃ©es.",2010-07-22T09:12:28.000Z,Luxembourger. European.,169426475,Jean-Claude Juncker,698140,947,5018,1849,JunckerEU,True
18,169426475,author_id: 169426475,conv_id: 1182641541631893504,1182641541631893504,2019-10-11T12:58:10.000Z,"[{'start': 18, 'end': 32, 'username': 'EU_Commission', 'id': '157981564'}]",1182641541631893504,id: 1182641541631893504,526,20,39,111,,"Danke, thank you, @EU_Commission ambassadors! Merci pour la faÃ§on dont vous mâ€™avez reprÃ©sentÃ© dans vos pays. You have made me proud. You have made #Europe proud. Viel Erfolg fÃ¼r die ğŸ‡ªğŸ‡º Zukunft! https://t.co/1AtpVpctxq",2010-07-22T09:12:28.000Z,Luxembourger. European.,169426475,Jean-Claude Juncker,698140,947,5018,1849,JunckerEU,True
19,169426475,author_id: 169426475,conv_id: 1181983660779741191,1181983660779741191,2019-10-09T17:23:59.000Z,,1181983660779741191,id: 1181983660779741191,1541,38,116,503,,"I am shocked by the brutal attacks in #Halle â€“ on this day, Yom Kippur, the holiest day of the year in Judaism. My thoughts and prayers are with the families and friends of the victims. On this day we stand in solidarity with the #Jewish community. https://t.co/nle2TKKv9p",2010-07-22T09:12:28.000Z,Luxembourger. European.,169426475,Jean-Claude Juncker,698140,947,5018,1849,JunckerEU,True
20,169426475,author_id: 169426475,conv_id: 1181894373946138624,1181894373946138624,2019-10-09T11:29:11.000Z,,1181894373946138624,id: 1181894373946138624,192,11,37,56,,"Pierre Bocev mâ€™a accompagnÃ© durant presque toute ma vie politique. Il mâ€™a aidÃ© Ã  trouver ma place et mon chemin en Europe. Longtemps, jâ€™aurais mÃ©moire de ce grand Monsieur qui fut un homme profondÃ©ment bon.

 https://t.co/UHQuu2We7p",2010-07-22T09:12:28.000Z,Luxembourger. European.,169426475,Jean-Claude Juncker,698140,947,5018,1849,JunckerEU,True
21,169426475,author_id: 169426475,conv_id: 1181286229528199173,1181286229528199173,2019-10-07T19:12:39.000Z,"[{'start': 25, 'end': 41, 'username': 'jensstoltenberg', 'id': '20796069'}, {'start': 46, 'end': 60, 'username': 'eucopresident', 'id': '196994616'}, {'start': 70, 'end': 75, 'username': 'NATO', 'id': '83795099'}]",1181286229528199173,id: 1181286229528199173,448,24,84,119,,Good working dinner with @jensstoltenberg and @eucopresident. #EU and @NATO are the most natural partners. Working hand in hand for a common #security and #defence. Proud of what we have achieved together over the past 5 years. ğŸ‡ªğŸ‡ºğŸ¤ https://t.co/R9SQAXZsos,2010-07-22T09:12:28.000Z,Luxembourger. European.,169426475,Jean-Claude Juncker,698140,947,5018,1849,JunckerEU,True
22,169426475,author_id: 169426475,conv_id: 1181226176246960128,1181226176246960128,2019-10-07T15:14:01.000Z,"[{'start': 16, 'end': 31, 'username': 'antoniocostaps', 'id': '1148583843458408450'}]",1181226176246960128,id: 1181226176246960128,251,28,20,68,,Congratulations @antoniocostaps on winning the general election in #Portugal. Thank you for the support and #solidarity shown by Portugal to European partners. I am confident you will form a government that will ensure ğŸ‡µğŸ‡¹ remains an active and committed member of our ğŸ‡ªğŸ‡º. https://t.co/CcU8yQEnHk,2010-07-22T09:12:28.000Z,Luxembourger. European.,169426475,Jean-Claude Juncker,698140,947,5018,1849,JunckerEU,True
23,169426475,author_id: 169426475,conv_id: 1179774584716976130,1179774584716976130,2019-10-03T15:05:54.000Z,,1179774584716976130,id: 1179774584716976130,197,3,13,49,,TrÃ¨s sincÃ¨res condolÃ©ances Ã  la famille du Professeur Freitas do Amaral. Un vrai chrÃ©tien dÃ©mocrate qui a eu un rÃ´le dÃ©terminant dans la consolidation de la dÃ©mocratie au Portugal. https://t.co/KuzenNhuvl,2010-07-22T09:12:28.000Z,Luxembourger. European.,169426475,Jean-Claude Juncker,698140,947,5018,1849,JunckerEU,True
24,169426475,author_id: 169426475,conv_id: 1179463093555998720,1179463093555998720,2019-10-02T18:28:09.000Z,"[{'start': 25, 'end': 34, 'username': 'AmChamEU', 'id': '343937785'}]",1179463093555998720,id: 1179463093555998720,495,21,60,120,,"I am honoured to receive @AmChamEUâ€™s Bridge-Builder award. It symbolises a lot of what I have tried to achieve these last five years, in fact all my life. Our transatlantic relationship is first and foremost a ğŸ‡ªğŸ‡ºğŸ‡ºğŸ‡¸ friendship. It is not about hopes and dreams. It is a necessity. https://t.co/gnGEa4uGJR",2010-07-22T09:12:28.000Z,Luxembourger. European.,169426475,Jean-Claude Juncker,698140,947,5018,1849,JunckerEU,True
25,169426475,author_id: 169426475,conv_id: 1178658872535535621,1178658872535535621,2019-09-30T13:12:28.000Z,"[{'start': 16, 'end': 30, 'username': 'sebastiankurz', 'id': '46623193'}]",1178658872535535621,id: 1178658872535535621,254,8,26,58,,"Congratulations @sebastiankurz on his clear victory in the #NRW19. Austrian voters placed a lot of trust in him on that election day. I wish him every success in building a stable government, pursuing a pro-European course. ğŸ‡ªğŸ‡º needs a strong ğŸ‡¦ğŸ‡¹ voice to tackle common challenges. https://t.co/B8VCpiofrj",2010-07-22T09:12:28.000Z,Luxembourger. European.,169426475,Jean-Claude Juncker,698140,947,5018,1849,JunckerEU,True
26,169426475,author_id: 169426475,conv_id: 1177176054827540481,1177176054827540481,2019-09-26T11:00:17.000Z,,1177176054827540481,id: 1177176054827540481,631,15,44,211,,"Aujourd'hui, l'Europe perd une de ses figures de proue, la France un grand homme d'Ã‰tat et moi un ami fidÃ¨le. Jacques #Chirac Ã©tait un homme de fortes convictions, celles des valeurs humanistes de fraternitÃ©, de respect de la tolÃ©rance.
https://t.co/HcdpxsRHa9",2010-07-22T09:12:28.000Z,Luxembourger. European.,169426475,Jean-Claude Juncker,698140,947,5018,1849,JunckerEU,True
27,169426475,author_id: 169426475,conv_id: 1176907654637207552,1176907654637207552,2019-09-25T17:13:45.000Z,"[{'start': 16, 'end': 27, 'username': 'KGeorgieva', 'id': '123109597'}, {'start': 70, 'end': 78, 'username': 'IMFNews', 'id': '25098482'}, {'start': 127, 'end': 141, 'username': 'EU_Commission', 'id': '157981564'}, {'start': 185, 'end': 199, 'username': 'EU_Commission', 'id': '157981564'}]",1176907654637207552,id: 1176907654637207552,457,11,36,115,,Congratulations @KGeorgieva on your selection as Managing Director of @IMFNews! I am proud that a former Vice-President of the @EU_Commission will assume this important responsibility. @EU_Commission looks forward to continuing our close and productive relationship with the #IMF. https://t.co/k3LqYZb7l2,2010-07-22T09:12:28.000Z,Luxembourger. European.,169426475,Jean-Claude Juncker,698140,947,5018,1849,JunckerEU,True
28,169426475,author_id: 169426475,conv_id: 1169551552383717377,1169551552383717377,2019-09-05T10:03:13.000Z,"[{'start': 215, 'end': 231, 'username': 'GiuseppeConteIT', 'id': '999578121123848192'}]",1169551552383717377,id: 1169551552383717377,620,20,110,161,,"ğŸ‡®ğŸ‡¹ğŸ‡ªğŸ‡º I am convinced that Italy will be able to play an important role in addressing these truly European challenges, living up to its responsibility as a founding Member of our Union.

ğŸ‘‡ My congratulatory letter to @GiuseppeConteIT on his re-appointment. https://t.co/cte9mSV5HH",2010-07-22T09:12:28.000Z,Luxembourger. European.,169426475,Jean-Claude Juncker,698140,947,5018,1849,JunckerEU,True
29,169426475,author_id: 169426475,conv_id: 1168927289230483456,1168927289230483456,2019-09-03T16:42:38.000Z,"[{'start': 15, 'end': 29, 'username': 'eucopresident', 'id': '196994616'}]",1168927289230483456,id: 1168927289230483456,205,3,38,92,,".@PMHoncharuk, @eucopresident and I warmly congratulate you on your appointment as Prime Minister of #Ukraine. You can count on the #EUâ€™s continued steadfast support to Ukraine. https://t.co/agZTXwY00x",2010-07-22T09:12:28.000Z,Luxembourger. European.,169426475,Jean-Claude Juncker,698140,947,5018,1849,JunckerEU,True
30,169426475,author_id: 169426475,conv_id: 1168069579324588033,1168069579324588033,2019-09-01T07:54:24.000Z,,1168069579324588033,id: 1168069579324588033,1737,58,157,634,,"Erinnern fÃ¼r die Zukunft. Today I am reminded how grateful I am to live on a peaceful continent. As we mark 80 years since the start of #WW2, we must remember that living up to Europeâ€™s rallying cry - never again war - remains our eternal duty. Lâ€™Europe, câ€™est la paix. https://t.co/2kCmNDqEc8",2010-07-22T09:12:28.000Z,Luxembourger. European.,169426475,Jean-Claude Juncker,698140,947,5018,1849,JunckerEU,True
31,169426475,author_id: 169426475,conv_id: 1157377337052319744,1157377337052319744,2019-08-02T19:47:14.000Z,"[{'start': 17, 'end': 28, 'username': 'KGeorgieva', 'id': '123109597'}]",1157377337052319744,id: 1157377337052319744,775,32,127,229,,"Congratulations, @KGeorgieva on your nomination as Europeâ€™s candidate for Managing Director of the #IMF. You have all of the qualities needed to make an effective contribution to the IMFâ€™s mission. Ğ§ĞµÑÑ‚Ğ¸Ñ‚Ğ¾! https://t.co/Chgs3S5U61",2010-07-22T09:12:28.000Z,Luxembourger. European.,169426475,Jean-Claude Juncker,698140,947,5018,1849,JunckerEU,True
32,169426475,author_id: 169426475,conv_id: 1154429919914594304,1154429919914594304,2019-07-25T16:35:15.000Z,"[{'start': 91, 'end': 105, 'username': 'EU_Commission', 'id': '157981564'}]",1154429919914594304,id: 1154429919914594304,141,3,35,61,,Aujourdâ€™hui la Tunisie a perdu un grand homme dâ€™Etat. En mon nom personnel et au nom de la @EU_Commission je tiens Ã  prÃ©senter Ã  la famille du PrÃ©sident CaÃ¯d #Essebsi et Ã  lâ€™ensemble du peuple tunisien mes condolÃ©ances les plus sincÃ¨res. https://t.co/RHfd1dGfpy,2010-07-22T09:12:28.000Z,Luxembourger. European.,169426475,Jean-Claude Juncker,698140,947,5018,1849,JunckerEU,True
33,169426475,author_id: 169426475,conv_id: 1153685961945096192,1153685961945096192,2019-07-23T15:19:02.000Z,"[{'start': 0, 'end': 13, 'username': 'BorisJohnson', 'id': '3131144855'}]",1153685961945096192,id: 1153685961945096192,148,50,58,93,,"@BorisJohnson, please accept my warmest congratulations on your appointment as Prime Minister of the United Kingdom. 
I look forward to working together in the best possible way. https://t.co/27fdjfxrVs",2010-07-22T09:12:28.000Z,Luxembourger. European.,169426475,Jean-Claude Juncker,698140,947,5018,1849,JunckerEU,True
34,169426475,author_id: 169426475,conv_id: 1153613314402017280,1153613314402017280,2019-07-23T10:30:21.000Z,"[{'start': 3, 'end': 19, 'username': 'JosephMuscat_JM', 'id': '29466039'}, {'start': 40, 'end': 50, 'username': 'JunckerEU', 'id': '169426475'}]",1153613314402017280,id: 1153613314402017280,0,0,0,74,"[{'type': 'retweeted', 'id': '1153612233462693889'}]","RT @JosephMuscat_JM: We always found in @JunckerEU an honest broker, ready to listen and to decide. His contribution to #Europe is second tâ€¦",2010-07-22T09:12:28.000Z,Luxembourger. European.,169426475,Jean-Claude Juncker,698140,947,5018,1849,JunckerEU,True
35,169426475,author_id: 169426475,conv_id: 1153612086574030848,1153612086574030848,2019-07-23T10:25:29.000Z,"[{'start': 1, 'end': 13, 'username': 'presidentmt', 'id': '4098752969'}, {'start': 18, 'end': 34, 'username': 'JosephMuscat_JM', 'id': '29466039'}]",1153612086574030848,id: 1153612086574030848,222,12,56,78,,".@presidentmt and @JosephMuscat_JM: Grazzi minn qalbi! I am truly proud and grateful to receive the award of National Order of Merit. I want to pay tribute to #Malta and its people for defending our European values. Malta, inÄ§obbok! ğŸ‡²ğŸ‡¹ğŸ‡ªğŸ‡º https://t.co/Bvcwr27qf4",2010-07-22T09:12:28.000Z,Luxembourger. European.,169426475,Jean-Claude Juncker,698140,947,5018,1849,JunckerEU,True
36,169426475,author_id: 169426475,conv_id: 1151204026526130181,1151204026526130181,2019-07-16T18:56:42.000Z,"[{'start': 14, 'end': 26, 'username': 'vonderleyen', 'id': '1146329871418843136'}, {'start': 75, 'end': 89, 'username': 'EU_Commission', 'id': '157981564'}]",1151204026526130181,id: 1151204026526130181,1747,29,116,356,,FÃ©licitations @vonderleyen! Endlich steht die erste Frau an der Spitze der @EU_Commission. This job is a huge responsibility and a challenge. I am sure you will make a great President. Willkommen zu Hause! ğŸ‡ªğŸ‡º,2010-07-22T09:12:28.000Z,Luxembourger. European.,169426475,Jean-Claude Juncker,698140,947,5018,1849,JunckerEU,True
37,169426475,author_id: 169426475,conv_id: 1149251731567599617,1149251731567599617,2019-07-11T09:38:59.000Z,,1149251731567599617,id: 1149251731567599617,134,10,36,49,,"I just interviewed Ioan Mircea PaÈ™cu, proposed candidate for Commissioner from #Romania. https://t.co/KBEiYiIIcb",2010-07-22T09:12:28.000Z,Luxembourger. European.,169426475,Jean-Claude Juncker,698140,947,5018,1849,JunckerEU,True
38,169426475,author_id: 169426475,conv_id: 1149238219931815937,1149238219931815937,2019-07-11T08:45:18.000Z,"[{'start': 19, 'end': 31, 'username': 'KadriSimson', 'id': '23951122'}]",1149238219931815937,id: 1149238219931815937,165,5,28,55,,"I just interviewed @kadrisimson, proposed candidate for Commissioner from #Estonia. https://t.co/WeQmALKkRL",2010-07-22T09:12:28.000Z,Luxembourger. European.,169426475,Jean-Claude Juncker,698140,947,5018,1849,JunckerEU,True
39,169426475,author_id: 169426475,conv_id: 1148243152412827648,1148243152412827648,2019-07-08T14:51:15.000Z,,1148243152412827648,id: 1148243152412827648,322,13,52,126,,"The #EU's partnership with Ukraine is one of mutual solidarity and friendship. It is also one that is flourishing. I have always said -and always proved- that the more #Ukraine reforms, the more the #EU lends its support. 
We will always stand by you. 
https://t.co/2yUqHJXXrV https://t.co/2iJh0epmSh",2010-07-22T09:12:28.000Z,Luxembourger. European.,169426475,Jean-Claude Juncker,698140,947,5018,1849,JunckerEU,True
40,169426475,author_id: 169426475,conv_id: 1147934396764381187,1147934396764381187,2019-07-07T18:24:22.000Z,"[{'start': 5, 'end': 17, 'username': 'kmitsotakis', 'id': '14283525'}]",1147934396764381187,id: 1147934396764381187,1018,53,92,311,,"ğŸ‡¬ğŸ‡·ğŸ‡ªğŸ‡º @kmitsotakis, I would like to congratulate you on your clear victory in the legislative elections. You know my personal attachment to Greece and its people who have endured so much over the last decade. The dignity, resilience &amp; European commitment of Greeks commend respect. https://t.co/JrL8Si94dN",2010-07-22T09:12:28.000Z,Luxembourger. European.,169426475,Jean-Claude Juncker,698140,947,5018,1849,JunckerEU,True
41,169426475,author_id: 169426475,conv_id: 1147114760384778240,1147114760384778240,2019-07-05T12:07:25.000Z,"[{'start': 8, 'end': 21, 'username': 'AnttiRinnepj', 'id': '978423139'}, {'start': 230, 'end': 239, 'username': 'EU2019FI', 'id': '574293020'}]",1147114760384778240,id: 1147114760384778240,468,14,27,130,,"Kiitos, @AnttiRinnepj for your warm hospitality! Europe needs Finland because you are experienced, pragmatic, down-to-earth and cool-headed â€“ that is exactly what we need in the next coming months. Looking forward to a successful @EU2019FI ğŸ‡ªğŸ‡ºğŸ‡«ğŸ‡® https://t.co/i1FV53sWJJ",2010-07-22T09:12:28.000Z,Luxembourger. European.,169426475,Jean-Claude Juncker,698140,947,5018,1849,JunckerEU,True
42,169426475,author_id: 169426475,conv_id: 1146749072159719426,1146749072159719426,2019-07-04T11:54:19.000Z,,1146749072159719426,id: 1146749072159719426,63,0,13,9,,Je viens dâ€™apprendre le dÃ©cÃ¨s de Pol Cruchtens. Câ€™est une lourde perte pour le Grand-DuchÃ©. Longtemps jâ€™aurai mÃ©moire de lui.,2010-07-22T09:12:28.000Z,Luxembourger. European.,169426475,Jean-Claude Juncker,698140,947,5018,1849,JunckerEU,True
43,169426475,author_id: 169426475,conv_id: 1146712235571666944,1146712235571666944,2019-07-04T09:27:56.000Z,"[{'start': 21, 'end': 33, 'username': 'vonderleyen', 'id': '1146329871418843136'}, {'start': 56, 'end': 70, 'username': 'EU_Commission', 'id': '157981564'}, {'start': 255, 'end': 267, 'username': 'Europarl_EN', 'id': '36329597'}]",1146712235571666944,id: 1146712235571666944,1201,49,145,356,,"Delighted to welcome @vonderleyen with open arms to the @EU_Commission today. A true European, we are on the same page when it comes to speaking up for ğŸ‡ªğŸ‡º interests. 
Ich freue mich, Hand in Hand mit ihr zusammenarbeiten. Je lui souhaite le meilleur au lâ€™@Europarl_EN. https://t.co/nCraHdAGrB",2010-07-22T09:12:28.000Z,Luxembourger. European.,169426475,Jean-Claude Juncker,698140,947,5018,1849,JunckerEU,True
44,169426475,author_id: 169426475,conv_id: 1144901355762589696,1144901355762589696,2019-06-29T09:32:09.000Z,"[{'start': 34, 'end': 44, 'username': 'AbeShinzo', 'id': '468122115'}]",1144901355762589696,id: 1144901355762589696,562,10,66,181,,"Congratulations to my good friend @AbeShinzo for a successful and efficient #G20OsakaSummit2019 ! United to address major global challenges. Historic day with the conclusion of the #EUMercosur trade pact: ğŸ‡ªğŸ‡º stands for the rules-based international order.

https://t.co/JrK9IVIGgz https://t.co/ihCOC90yn5",2010-07-22T09:12:28.000Z,Luxembourger. European.,169426475,Jean-Claude Juncker,698140,947,5018,1849,JunckerEU,True
45,169426475,author_id: 169426475,conv_id: 1144818509211426817,1144818509211426817,2019-06-29T04:02:56.000Z,"[{'start': 5, 'end': 19, 'username': 'mauriciomacri', 'id': '24900072'}]",1144818509211426817,id: 1144818509211426817,1072,67,71,430,,"With @mauriciomacri, #EU and #Mercosur leaders we stand as proud co-owners of the #trade agreement between the ğŸ‡ªğŸ‡º and Mercosur. United, we delivered for our people and our businesses - 20 years to the day after negotiations began. Un dia historico. 

https://t.co/ntPhejUMsE https://t.co/VVgwsj1LQX",2010-07-22T09:12:28.000Z,Luxembourger. European.,169426475,Jean-Claude Juncker,698140,947,5018,1849,JunckerEU,True
46,169426475,author_id: 169426475,conv_id: 1144659407973863427,1144659407973863427,2019-06-28T17:30:44.000Z,,1144659407973863427,id: 1144659407973863427,3378,318,265,1546,,"#Mercosur #trade deal done! A historical moment. In the midst of international trade tensions, we are sending a strong signal that we stand for rules-based trade. Largest trade agreement ğŸ‡ªğŸ‡º has ever concluded. Positive outcome for environment &amp; consumers.

https://t.co/AE5z78c81J",2010-07-22T09:12:28.000Z,Luxembourger. European.,169426475,Jean-Claude Juncker,698140,947,5018,1849,JunckerEU,True
47,169426475,author_id: 169426475,conv_id: 1144442806162923521,1144442806162923521,2019-06-28T03:10:02.000Z,,1144442806162923521,id: 1144442806162923521,427,14,49,188,,"#G20Osaka: Our message to the world is clear and simple: Europe is committed to upholding â€“ and where necessary updating â€“ the rules-based global system. And we are ready to work with everyone to make that happen.

https://t.co/kVo5Yxq48t https://t.co/o4XhN6isDI",2010-07-22T09:12:28.000Z,Luxembourger. European.,169426475,Jean-Claude Juncker,698140,947,5018,1849,JunckerEU,True
48,169426475,author_id: 169426475,conv_id: 1144154353370042368,1144154353370042368,2019-06-27T08:03:49.000Z,,1144154353370042368,id: 1144154353370042368,311,11,105,78,,"ğŸ‡ªğŸ‡ºğŸ‡©ğŸ‡° Congratulations, Mette #Frederiksen on your appointment as Prime Minister of #Denmark. I look forward to working closely with you and the new Danish Government on the strategic priorities for the EU and its Member States. https://t.co/yF3F8R5tmW",2010-07-22T09:12:28.000Z,Luxembourger. European.,169426475,Jean-Claude Juncker,698140,947,5018,1849,JunckerEU,True
49,169426475,author_id: 169426475,conv_id: 1143184816952791040,1143184816952791040,2019-06-24T15:51:14.000Z,"[{'start': 61, 'end': 75, 'username': 'EU_Commission', 'id': '157981564'}]",1143184816952791040,id: 1143184816952791040,389,9,58,118,,Nous prÃ©sentons aujourdâ€™hui le 3e volume de lâ€™histoire de la @EU_Commission 1986-2000. Je suis gagnÃ© par la nostalgie. Je reste fier dâ€™avoir Ã©tÃ© une petite piÃ¨ce de quelque chose de bien plus grand. https://t.co/3huoUO4xLH,2010-07-22T09:12:28.000Z,Luxembourger. European.,169426475,Jean-Claude Juncker,698140,947,5018,1849,JunckerEU,True
50,169426475,author_id: 169426475,conv_id: 1141683873744596992,1141683873744596992,2019-06-20T12:27:01.000Z,"[{'start': 26, 'end': 39, 'username': 'VDombrovskis', 'id': '42183750'}, {'start': 71, 'end': 85, 'username': 'EU_Commission', 'id': '157981564'}]",1141683873744596992,id: 1141683873744596992,288,8,37,86,,It is excellent news that @VDombrovskis will continue to be part of my @EU_Commission. Europe needs Valdis. https://t.co/tZpCO4Kjmc,2010-07-22T09:12:28.000Z,Luxembourger. European.,169426475,Jean-Claude Juncker,698140,947,5018,1849,JunckerEU,True
51,169426475,author_id: 169426475,conv_id: 1141291580374077440,1141291580374077440,2019-06-19T10:28:11.000Z,,1141291580374077440,id: 1141291580374077440,1401,273,904,434,,"In creating the #euro, we turned an improbable aspiration into a daily reality for millions of Europeans. The banknotes in our pockets are worth far more than the numbers written on them. They are the tangible symbol of a united Europe. 
#ECBForum 
https://t.co/S7r001RFMO https://t.co/b27oTfs8TS",2010-07-22T09:12:28.000Z,Luxembourger. European.,169426475,Jean-Claude Juncker,698140,947,5018,1849,JunckerEU,True
52,169426475,author_id: 169426475,conv_id: 1140644765014343681,1140644765014343681,2019-06-17T15:37:58.000Z,,1140644765014343681,id: 1140644765014343681,180,5,36,50,,"Ich fÃ¼hle mich geehrt, den #PointAlphaPreis an diesem besonderen Ort entgegenzunehmen. Ich stehe gerne an einer Grenze, die es nicht mehr gibt. Der Preis ist eine Erinnerung daran, dass wir Menschen Grenzen Ã¼berwinden kÃ¶nnen. Und er ist auch Auftrag, gegen neue Mauern zu kÃ¤mpfen. https://t.co/1bheQOmPox",2010-07-22T09:12:28.000Z,Luxembourger. European.,169426475,Jean-Claude Juncker,698140,947,5018,1849,JunckerEU,True
53,169426475,author_id: 169426475,conv_id: 1136981044975026176,1136981044975026176,2019-06-07T12:59:39.000Z,"[{'start': 6, 'end': 16, 'username': 'KolindaGK', 'id': '2809906864'}, {'start': 23, 'end': 39, 'username': 'AndrejPlenkovic', 'id': '2190798482'}]",1136981044975026176,id: 1136981044975026176,242,14,75,64,,"Draga @KolindaGK dragi @AndrejPlenkovic hvala vam za srdaÄno gostoprimstvo u vaÅ¡oj prekrasnoj zemlji! I commend ğŸ‡­ğŸ‡· remarkable ğŸ‡ªğŸ‡º journey. Impressed by the preparation for #EU2020HR. Our Union will continue to stand by you every step of the way, including Schengen and â‚¬ accession https://t.co/azwMXy2glF",2010-07-22T09:12:28.000Z,Luxembourger. European.,169426475,Jean-Claude Juncker,698140,947,5018,1849,JunckerEU,True
54,169426475,author_id: 169426475,conv_id: 1136661357443604480,1136661357443604480,2019-06-06T15:49:20.000Z,"[{'start': 16, 'end': 29, 'username': 'AnttiRinnepj', 'id': '978423139'}]",1136661357443604480,id: 1136661357443604480,163,4,29,40,,Congratulations @AnttiRinnepj. The new governmentâ€™s unequivocal pro-European stance is very encouraging. I look forward to our good and close cooperation. https://t.co/Jutsn8NRa9,2010-07-22T09:12:28.000Z,Luxembourger. European.,169426475,Jean-Claude Juncker,698140,947,5018,1849,JunckerEU,True
55,169426475,author_id: 169426475,conv_id: 1134046028221636608,1134046028221636608,2019-05-30T10:36:57.000Z,"[{'start': 30, 'end': 46, 'username': 'antonioguterres', 'id': '811229675758505984'}]",1134046028221636608,id: 1134046028221636608,281,6,69,84,,"FelicitaÃ§Ãµes ao meu bom amigo @antonioguterres - um verdadeiro construtor de consensos e incansÃ¡vel promotor dos Direitos Humanos e dos valores da cooperaÃ§Ã£o internacional. Defending ğŸ‡ªğŸ‡º unity, tolerance and the multilateral rules-based system is our common conviction. #Karlspreis https://t.co/Ka0x56lsHI",2010-07-22T09:12:28.000Z,Luxembourger. European.,169426475,Jean-Claude Juncker,698140,947,5018,1849,JunckerEU,True
56,169426475,author_id: 169426475,conv_id: 1133767839746351105,1133767839746351105,2019-05-29T16:11:32.000Z,,1133767839746351105,id: 1133767839746351105,224,9,40,63,,Congratulations President-elect Egils Levits. I am confident your knowledge and experience will greatly benefit both #Latvia and the #EU. I look forward to working closely with you. https://t.co/GueiS1iDTK,2010-07-22T09:12:28.000Z,Luxembourger. European.,169426475,Jean-Claude Juncker,698140,947,5018,1849,JunckerEU,True
57,169426475,author_id: 169426475,conv_id: 1132968824762982400,1132968824762982400,2019-05-27T11:16:32.000Z,"[{'start': 32, 'end': 47, 'username': 'GitanasNauseda', 'id': '1067849967811944448'}]",1132968824762982400,id: 1132968824762982400,133,4,29,40,,"My heartfelt congratulations to @GitanasNauseda. I greatly look forward to meeting you and to working closely together. 
#Lithuania https://t.co/zRI0hq3yFM",2010-07-22T09:12:28.000Z,Luxembourger. European.,169426475,Jean-Claude Juncker,698140,947,5018,1849,JunckerEU,True
58,169426475,author_id: 169426475,conv_id: 1132619484974473218,1132619484974473218,2019-05-26T12:08:22.000Z,,1132619484974473218,id: 1132619484974473218,2612,100,317,339,,"I just voted ğŸ‡ªğŸ‡ºğŸ—³. Vote like it matters! Every vote counts.

#EUelections2019 
#ThisTimeImVoting https://t.co/aSFgqBEMjm",2010-07-22T09:12:28.000Z,Luxembourger. European.,169426475,Jean-Claude Juncker,698140,947,5018,1849,JunckerEU,True
59,169426475,author_id: 169426475,conv_id: 1132226659682267136,1132226659682267136,2019-05-25T10:07:26.000Z,,1132226659682267136,id: 1132226659682267136,500,10,93,144,,"The #AU - #EU relationship is a partnership between equals and a strong alliance that helps us promote our common agenda, values and interests on the world stage. Together, we can confront the challenges of our times; in unity we find strength. Happy #AfricaDay!",2010-07-22T09:12:28.000Z,Luxembourger. European.,169426475,Jean-Claude Juncker,698140,947,5018,1849,JunckerEU,True
60,169426475,author_id: 169426475,conv_id: 1131936763700760577,1131936763700760577,2019-05-24T14:55:29.000Z,"[{'start': 20, 'end': 33, 'username': 'narendramodi', 'id': '18839785'}]",1131936763700760577,id: 1131936763700760577,283,10,35,109,,ğŸ‡ªğŸ‡ºğŸ‡®ğŸ‡³ Congratulation @narendramodi for the victory in the General Elections &amp; the renewed mandate entrusted to him by the Indian people. #India has again demonstrated the impressive vitality of its democratic institutions. I am looking forward to continue deepening our engagement. https://t.co/VgoiLAUAgL,2010-07-22T09:12:28.000Z,Luxembourger. European.,169426475,Jean-Claude Juncker,698140,947,5018,1849,JunckerEU,True
61,169426475,author_id: 169426475,conv_id: 1128751156635820033,1128751156635820033,2019-05-15T19:57:01.000Z,"[{'start': 3, 'end': 18, 'username': 'EmmanuelMacron', 'id': '1976143068'}, {'start': 45, 'end': 59, 'username': 'jacindaardern', 'id': '22959763'}, {'start': 61, 'end': 76, 'username': 'KingAbdullahII', 'id': '841211876776259585'}, {'start': 78, 'end': 89, 'username': 'Macky_Sall', 'id': '197493438'}, {'start': 91, 'end': 98, 'username': 'Pak_JK', 'id': '903172238'}, {'start': 100, 'end': 113, 'username': 'erna_solberg', 'id': '16432083'}, {'start': 115, 'end': 129, 'username': 'JustinTrudeau', 'id': '14260960'}]",1128751156635820033,id: 1128751156635820033,0,0,0,631,"[{'type': 'retweeted', 'id': '1128750460809220096'}]","RT @EmmanuelMacron: Thank you for being here @JacindaArdern, @KingAbdullahII, @Macky_Sall, @Pak_JK, @erna_solberg, @JustinTrudeau, @theresaâ€¦",2010-07-22T09:12:28.000Z,Luxembourger. European.,169426475,Jean-Claude Juncker,698140,947,5018,1849,JunckerEU,True
62,169426475,author_id: 169426475,conv_id: 1126755399426646016,1126755399426646016,2019-05-10T07:46:35.000Z,"[{'start': 3, 'end': 18, 'username': 'AUC_MoussaFaki', 'id': '843360326724829184'}]",1126755399426646016,id: 1126755399426646016,0,0,0,75,"[{'type': 'retweeted', 'id': '1126490877025837056'}]",RT @AUC_MoussaFaki: The #AU- #EU partnership is a unique Continent-to-Continent relationship based on shared aspirations to contribute to gâ€¦,2010-07-22T09:12:28.000Z,Luxembourger. European.,169426475,Jean-Claude Juncker,698140,947,5018,1849,JunckerEU,True
63,169426475,author_id: 169426475,conv_id: 1126517537791971332,1126517537791971332,2019-05-09T16:01:25.000Z,"[{'start': 27, 'end': 41, 'username': 'KlausIohannis', 'id': '2765824141'}]",1126517537791971332,id: 1126517537791971332,507,12,85,116,,"Ãi mulÈ›umesc preÈ™edintelui @KlausIohannis pentru cÄƒ a fost gazda excepÈ›ionalului #SibiuSummit.

Unity matters. Together through thick and thin. This is our way to the future. #FutureOfEurope 

https://t.co/WMt8M3NGHb https://t.co/vnEFAvACNV",2010-07-22T09:12:28.000Z,Luxembourger. European.,169426475,Jean-Claude Juncker,698140,947,5018,1849,JunckerEU,True
64,169426475,author_id: 169426475,conv_id: 1125439500962996226,1125439500962996226,2019-05-06T16:37:41.000Z,"[{'start': 21, 'end': 34, 'username': 'SPendarovski', 'id': '2377774422'}]",1125439500962996226,id: 1125439500962996226,281,15,70,92,,ğŸ‡ªğŸ‡ºğŸ‡²ğŸ‡° Congratulations @SPendarovski on his election as President of North Macedonia. The EU reaffirms its unequivocal commitment to the European perspective of the #WesternBalkans. Looking forward to further strengthening our friendship and building a united and prosperous Europe. https://t.co/wPUfjIqXkD,2010-07-22T09:12:28.000Z,Luxembourger. European.,169426475,Jean-Claude Juncker,698140,947,5018,1849,JunckerEU,True
65,169426475,author_id: 169426475,conv_id: 1123575154951499777,1123575154951499777,2019-05-01T13:09:26.000Z,,1123575154951499777,id: 1123575154951499777,421,9,67,143,,"ğŸ‡ªğŸ‡ºğŸ‡¯ğŸ‡µCongratulations on His Imperial Majesty Naruhitoâ€™s accession to the throne. My best wishes for a long, peaceful &amp; prosperous reign. There could be no better occasion than the beginning of a new Japanese era, Reiwa, to further develop our friendship &amp; our harmonious relations. https://t.co/moevfBbk3Q",2010-07-22T09:12:28.000Z,Luxembourger. European.,169426475,Jean-Claude Juncker,698140,947,5018,1849,JunckerEU,True
66,169426475,author_id: 169426475,conv_id: 1123510718752489472,1123510718752489472,2019-05-01T08:53:23.000Z,,1123510718752489472,id: 1123510718752489472,1812,61,274,526,,"15 years ago on this day 10 countries took their rightful place in the heart of our Union. We seized the unique moment and reconciled Europeâ€™s history with our geography. I remain an ardent fan of #EUenlargement ğŸ‡ªğŸ‡º.

ğŸ‡¨ğŸ‡¿ ğŸ‡¨ğŸ‡¾ ğŸ‡±ğŸ‡¹ ğŸ‡¸ğŸ‡° ğŸ‡¸ğŸ‡® ğŸ‡­ğŸ‡º ğŸ‡ªğŸ‡ª ğŸ‡²ğŸ‡¹ ğŸ‡µğŸ‡± ğŸ‡±ğŸ‡» https://t.co/tHmmhXx0GS",2010-07-22T09:12:28.000Z,Luxembourger. European.,169426475,Jean-Claude Juncker,698140,947,5018,1849,JunckerEU,True
67,169426475,author_id: 169426475,conv_id: 1123176001175990272,1123176001175990272,2019-04-30T10:43:20.000Z,,1123176001175990272,id: 1123176001175990272,768,22,237,309,,"When I stand in Sibiu with 27 European leaders on Europe Day, the anniversary of the Schuman Declaration, I will do so proud of our past, but even more determined and hopeful for our future.
#FutureofEurope 

Our contribution to the #SibiuSummit here:
https://t.co/tjprkujNNX https://t.co/zvvT3E5fZT",2010-07-22T09:12:28.000Z,Luxembourger. European.,169426475,Jean-Claude Juncker,698140,947,5018,1849,JunckerEU,True
68,169426475,author_id: 169426475,conv_id: 1122926140908240896,1122926140908240896,2019-04-29T18:10:29.000Z,"[{'start': 24, 'end': 40, 'username': 'sanchezcastejon', 'id': '68740712'}]",1122926140908240896,id: 1122926140908240896,451,12,75,163,,"ğŸ‡ªğŸ‡ºğŸ‡ªğŸ‡¸ Quiero felicitar a @sanchezcastejon  por su victoria en las elecciones generales de EspaÃ±a. Espero tener la ocasiÃ³n de discutir juntos sobre los retos de la UniÃ³n europea en la reuniÃ³n de los lÃ­deres europeos en Sibiu, el 9 de mayo prÃ³ximos. https://t.co/I1hPvvfD4f",2010-07-22T09:12:28.000Z,Luxembourger. European.,169426475,Jean-Claude Juncker,698140,947,5018,1849,JunckerEU,True
69,169426475,author_id: 169426475,conv_id: 1121473160849842177,1121473160849842177,2019-04-25T17:56:52.000Z,,1121473160849842177,id: 1121473160849842177,711,19,80,227,,"ğŸ‡ªğŸ‡ºğŸ‡¯ğŸ‡µ Japan and Europe are separated by thousands of kilometres but united in friendship and values! Long may it continue.

Our #EUJapan Summit Statement:  https://t.co/AXTRrQHSji https://t.co/tqP3VYahb3",2010-07-22T09:12:28.000Z,Luxembourger. European.,169426475,Jean-Claude Juncker,698140,947,5018,1849,JunckerEU,True
70,169426475,author_id: 169426475,conv_id: 1120565210618716160,1120565210618716160,2019-04-23T05:48:59.000Z,,1120565210618716160,id: 1120565210618716160,344,9,41,99,,"Son Altesse Royale le Grand-Duc Jean a toujours Ã©tÃ© proche des Luxembourgeois qui sont aujourd'hui unis dans la mÃªme tristesse. Sa disparation est une grande perte pour le Grand-DuchÃ© et pour l'Europe. 
https://t.co/UmCt4RynzK",2010-07-22T09:12:28.000Z,Luxembourger. European.,169426475,Jean-Claude Juncker,698140,947,5018,1849,JunckerEU,True
71,169426475,author_id: 169426475,conv_id: 1120228575226093568,1120228575226093568,2019-04-22T07:31:19.000Z,,1120228575226093568,id: 1120228575226093568,556,22,77,211,,Congratulations to Volodymyr Zelensky on his election as President of #Ukraine. The people of Ukraine have demonstrated their strong attachment to democracy and the #RuleOfLaw throughout the electoral process. The EU will continue to support Ukraineâ€™s reform path and sovereignty. https://t.co/g6izMPxzQM,2010-07-22T09:12:28.000Z,Luxembourger. European.,169426475,Jean-Claude Juncker,698140,947,5018,1849,JunckerEU,True
72,169426475,author_id: 169426475,conv_id: 1119878675812495363,1119878675812495363,2019-04-21T08:20:57.000Z,,1119878675812495363,id: 1119878675812495363,1562,29,140,502,,It was with horror and sadness that I heard of the bombings in #SriLanka costing the lives of so many people. I offer my heartfelt condolences to the families of the victims who had gathered to worship peacefully or come to visit this beautiful country.Â We stand ready to support.,2010-07-22T09:12:28.000Z,Luxembourger. European.,169426475,Jean-Claude Juncker,698140,947,5018,1849,JunckerEU,True
73,169426475,author_id: 169426475,conv_id: 1118795735091359744,1118795735091359744,2019-04-18T08:37:44.000Z,,1118795735091359744,id: 1118795735091359744,589,7,41,147,,"It was with deep sadness that I learnt of the tragic bus accident in #Madeira that claimed the lives of 29 fellow European citizens from Germany, and left many others injured. Our thoughts are with all the victims, their families and friends. 

https://t.co/WQu0aTnr9s",2010-07-22T09:12:28.000Z,Luxembourger. European.,169426475,Jean-Claude Juncker,698140,947,5018,1849,JunckerEU,True
74,169426475,author_id: 169426475,conv_id: 1118585767952113664,1118585767952113664,2019-04-17T18:43:24.000Z,"[{'start': 29, 'end': 39, 'username': 'ratasjuri', 'id': '806373975894933504'}]",1118585767952113664,id: 1118585767952113664,159,2,20,38,,"ğŸ‡ªğŸ‡ºğŸ‡ªğŸ‡ª Warm congratulations to @ratasjuri on his appointment as Prime Minister. In this important year for our Union, #Estonia is a trusted partner and I count on our continued cooperation on current and future challenges. Letâ€™s keep working for a strong and united #Europe. https://t.co/0SafCSWgWd",2010-07-22T09:12:28.000Z,Luxembourger. European.,169426475,Jean-Claude Juncker,698140,947,5018,1849,JunckerEU,True
75,169426475,author_id: 169426475,conv_id: 1118185148254756865,1118185148254756865,2019-04-16T16:11:28.000Z,,1118185148254756865,id: 1118185148254756865,396,26,138,166,,"ğŸ‡ªğŸ‡ºğŸ‡¬ğŸ‡§ On #Brexit, nothing should be decided without taking full account of the position of the European Parliament. You can count on me for that. https://t.co/EFzPSHNOt2",2010-07-22T09:12:28.000Z,Luxembourger. European.,169426475,Jean-Claude Juncker,698140,947,5018,1849,JunckerEU,True
76,169426475,author_id: 169426475,conv_id: 1117857902813949957,1117857902813949957,2019-04-15T18:31:07.000Z,,1117857902813949957,id: 1117857902813949957,3261,58,107,957,,"Je suis minute par minute l'incendie dont Notre-Dame de Paris est la proie. Notre-Dame de Paris appartient Ã  l'humanitÃ© toute entiÃ¨re.
Quelle triste spectacle. Quelle horreur. Je partage l'Ã©motion de la nation franÃ§aise qui est aussi la nÃ´tre.
https://t.co/CyBYBJZ9Q0",2010-07-22T09:12:28.000Z,Luxembourger. European.,169426475,Jean-Claude Juncker,698140,947,5018,1849,JunckerEU,True
77,169426475,author_id: 169426475,conv_id: 1117733534154874880,1117733534154874880,2019-04-15T10:16:55.000Z,"[{'start': 100, 'end': 116, 'username': 'realDonaldTrump', 'id': '25073877'}]",1117733534154874880,id: 1117733534154874880,260,29,41,159,,"ğŸ‡ªğŸ‡ºğŸ‡ºğŸ‡¸ With todayâ€™s adoption of the negotiating directives for trade talks, #EU is delivering on what @realDonaldTrump and I have agreed. Slashing tariffs on industrial products could lead to additional increase in EU and U.S. exports worth â‚¬26 bn. #WinWin

https://t.co/MjqiM9op4M https://t.co/eFRHmdnx00",2010-07-22T09:12:28.000Z,Luxembourger. European.,169426475,Jean-Claude Juncker,698140,947,5018,1849,JunckerEU,True
78,169426475,author_id: 169426475,conv_id: 1117715215074955264,1117715215074955264,2019-04-15T09:04:08.000Z,,1117715215074955264,id: 1117715215074955264,214,30,116,112,,"#CopyrightDirective: When it comes to completing the #DigitalSingleMarket, the agreement on #copyright is the missing piece of the puzzle. Clear rules will guarantee fair remuneration for creators, strong rights for users and responsibility for platforms.

https://t.co/W9Ov6j7QAU",2010-07-22T09:12:28.000Z,Luxembourger. European.,169426475,Jean-Claude Juncker,698140,947,5018,1849,JunckerEU,True
79,169426475,author_id: 169426475,conv_id: 1115640918240055296,1115640918240055296,2019-04-09T15:41:37.000Z,,1115640918240055296,id: 1115640918240055296,334,129,210,174,,"Through honesty and determination we will face our challenges together. The EU believes in China and we believe in our partnership. Ready to work together and be more ambitious in standing up for our interests and values.

ğŸ‡ªğŸ‡ºğŸ‡¨ğŸ‡³ JOINT STATEMENT: https://t.co/thMDbxrqaZ https://t.co/C9EGAvFSyM",2010-07-22T09:12:28.000Z,Luxembourger. European.,169426475,Jean-Claude Juncker,698140,947,5018,1849,JunckerEU,True
80,169426475,author_id: 169426475,conv_id: 1114867251822387200,1114867251822387200,2019-04-07T12:27:20.000Z,,1114867251822387200,id: 1114867251822387200,539,11,76,218,,"Time can never erase the darkest hours in our history. Mais câ€™est au cÅ“ur de nos moments les plus sombres que commence notre remontÃ©e vers la lumiÃ¨re.
La Rwanda est de retour dans la lumiÃ¨re. 
And we will never forget. #Kwibuka25 
https://t.co/HpjazITGjO https://t.co/NZx9BgKn36",2010-07-22T09:12:28.000Z,Luxembourger. European.,169426475,Jean-Claude Juncker,698140,947,5018,1849,JunckerEU,True
81,169426475,author_id: 169426475,conv_id: 1114822952850264064,1114822952850264064,2019-04-07T09:31:19.000Z,,1114822952850264064,id: 1114822952850264064,1462,21,86,490,,"I am moved beyond words at this memorial to tragedy. It serves as a bleak warning of the worst humanity is capable of. But through the darkest of days, I remain in awe at the power of regeneration, of this country, and of humankind. 
#Kwibuka25 https://t.co/0yoll7IoPK",2010-07-22T09:12:28.000Z,Luxembourger. European.,169426475,Jean-Claude Juncker,698140,947,5018,1849,JunckerEU,True
82,169426475,author_id: 169426475,conv_id: 1113768278957142016,1113768278957142016,2019-04-04T11:40:25.000Z,"[{'start': 1, 'end': 13, 'username': 'presidentmt', 'id': '4098752969'}]",1113768278957142016,id: 1113768278957142016,203,7,49,88,,".@presidentmt Vella, I would like to warmly congratulate you on your appointment as President of #Malta. At a time when unity &amp; solidarity are more important than ever, your lifetime commitment to European values will prove invaluable to your country and our Union as a whole.ğŸ‡ªğŸ‡ºğŸ‡²ğŸ‡¹ https://t.co/7GQ6gQJuFo",2010-07-22T09:12:28.000Z,Luxembourger. European.,169426475,Jean-Claude Juncker,698140,947,5018,1849,JunckerEU,True
83,169426475,author_id: 169426475,conv_id: 1113425781781401600,1113425781781401600,2019-04-03T12:59:27.000Z,,1113425781781401600,id: 1113425781781401600,678,64,175,267,,"Si le Royaume-Uni est en mesure d'approuver l'accord de retrait avec une majoritÃ© viable d'ici au 12 avril, alors l'Union europÃ©enne devrait accepter une prorogation jusquâ€™au 22 mai.  

I will do everything to prevent a disorderly #Brexit.
ğŸ‡ªğŸ‡ºğŸ‡¬ğŸ‡§

https://t.co/EOGpdIYpPr",2010-07-22T09:12:28.000Z,Luxembourger. European.,169426475,Jean-Claude Juncker,698140,947,5018,1849,JunckerEU,True
84,169426475,author_id: 169426475,conv_id: 1113011548627365890,1113011548627365890,2019-04-02T09:33:26.000Z,"[{'start': 78, 'end': 94, 'username': 'GiuseppeConteIT', 'id': '999578121123848192'}]",1113011548627365890,id: 1113011548627365890,126,3,47,52,,"Ãˆ un piacere essere a Roma oggi per discutere con il Presidente del Consiglio @GiuseppeConteIT e il Presidente della Repubblica #Mattarella degli obiettivi comuni. Lâ€™Europa e lâ€™Italia
sono unite nel promuovere occupazione, crescita, riforme, sicurezza e solidarietÃ . https://t.co/NjXQj1FDZz",2010-07-22T09:12:28.000Z,Luxembourger. European.,169426475,Jean-Claude Juncker,698140,947,5018,1849,JunckerEU,True
85,169426475,author_id: 169426475,conv_id: 1113011172310122497,1113011172310122497,2019-04-02T09:31:56.000Z,"[{'start': 69, 'end': 85, 'username': 'GiuseppeConteIT', 'id': '999578121123848192'}]",1113011172310122497,id: 1113011172310122497,262,4,42,66,,"A pleasure to be in Rome today to discuss our shared objectives with @GiuseppeConteIT and #Mattarella. Europe and Italy united for jobs, growth, reforms, security and solidarity. https://t.co/iPhJ70SpIX",2010-07-22T09:12:28.000Z,Luxembourger. European.,169426475,Jean-Claude Juncker,698140,947,5018,1849,JunckerEU,True
86,169426475,author_id: 169426475,conv_id: 1112695174042406912,1112695174042406912,2019-04-01T12:36:17.000Z,"[{'start': 17, 'end': 32, 'username': 'ZuzanaCaputova', 'id': '1111567384148692993'}]",1112695174042406912,id: 1112695174042406912,615,6,50,141,,"Congratulations, @ZuzanaCaputova to your election as President of the #Slovak Republic. I am encouraged and inspired by your pro-European approach and your strong voice for tolerance, #solidarity and mutual respect - values that remain fundamental to our European project. ğŸ‡ªğŸ‡ºğŸ‡¸ğŸ‡° https://t.co/hCPdUQN8OM",2010-07-22T09:12:28.000Z,Luxembourger. European.,169426475,Jean-Claude Juncker,698140,947,5018,1849,JunckerEU,True
87,169426475,author_id: 169426475,conv_id: 1110505217278267397,1110505217278267397,2019-03-26T11:34:10.000Z,,1110505217278267397,id: 1110505217278267397,412,39,138,184,,"Lâ€™Europe, unie, souhaite un partenariat approfondi avec la Chine, fondÃ© sur la rÃ©ciprocitÃ©, et sâ€™engage pour un multilatÃ©ralisme juste et efficace. https://t.co/XqoC8BcHf4",2010-07-22T09:12:28.000Z,Luxembourger. European.,169426475,Jean-Claude Juncker,698140,947,5018,1849,JunckerEU,True
88,169426475,author_id: 169426475,conv_id: 1110250962403446785,1110250962403446785,2019-03-25T18:43:51.000Z,"[{'start': 3, 'end': 18, 'username': 'EmmanuelMacron', 'id': '1976143068'}]",1110250962403446785,id: 1110250962403446785,0,0,0,297,"[{'type': 'retweeted', 'id': '1110247294455238657'}]",RT @EmmanuelMacron: C'est dans cet esprit que nous aurons demain un Ã©change avec la ChanceliÃ¨re allemande Angela Merkel et le PrÃ©sident deâ€¦,2010-07-22T09:12:28.000Z,Luxembourger. European.,169426475,Jean-Claude Juncker,698140,947,5018,1849,JunckerEU,True
89,169426475,author_id: 169426475,conv_id: 1110250955898081282,1110250955898081282,2019-03-25T18:43:50.000Z,"[{'start': 3, 'end': 18, 'username': 'EmmanuelMacron', 'id': '1976143068'}]",1110250955898081282,id: 1110250955898081282,0,0,0,558,"[{'type': 'retweeted', 'id': '1110247187148140544'}]",RT @EmmanuelMacron: La visite d'Ã‰tat du PrÃ©sident chinois intervient Ã  un moment oÃ¹ l'Union europÃ©enne est Ã  l'heure des choix. Ã€ un momentâ€¦,2010-07-22T09:12:28.000Z,Luxembourger. European.,169426475,Jean-Claude Juncker,698140,947,5018,1849,JunckerEU,True
90,169426475,author_id: 169426475,conv_id: 1109059716372725762,1109059716372725762,2019-03-22T11:50:16.000Z,,1109059716372725762,id: 1109059716372725762,156,5,46,52,,"Frans #Andriessen speelde een zeer belangrijke rol in het uitbouwen van een sterkere Europese Unie. Hij was een aardige, trouwe en attente collega, die ik zeer waardeerde. Europa en ikzelf gaan Frans erg missen.

https://t.co/UjMLYfPdDE",2010-07-22T09:12:28.000Z,Luxembourger. European.,169426475,Jean-Claude Juncker,698140,947,5018,1849,JunckerEU,True
91,169426475,author_id: 169426475,conv_id: 1107637542898356224,1107637542898356224,2019-03-18T13:39:03.000Z,"[{'start': 24, 'end': 34, 'username': 'markrutte', 'id': '16708728'}]",1107637542898356224,id: 1107637542898356224,1239,21,125,360,,I have just spoken with @markrutte to get an update of the situation in #Utrecht. The #EU stands side by side with the #Netherlands and its people during these difficult times. My thoughts are with the wounded and their families.,2010-07-22T09:12:28.000Z,Luxembourger. European.,169426475,Jean-Claude Juncker,698140,947,5018,1849,JunckerEU,True
92,169426475,author_id: 169426475,conv_id: 1106482742680793088,1106482742680793088,2019-03-15T09:10:17.000Z,,1106482742680793088,id: 1106482742680793088,1613,36,141,502,,"It was with horror and profound sadness that I learnt of the terrorist attack on the #ChristchurchMosque. The European Union will always stand with #NewZealand and against those who heinously want to destroy our societies and our way of life. 

https://t.co/OPLLbRTg2h",2010-07-22T09:12:28.000Z,Luxembourger. European.,169426475,Jean-Claude Juncker,698140,947,5018,1849,JunckerEU,True
93,169426475,author_id: 169426475,conv_id: 1105238043106181120,1105238043106181120,2019-03-11T22:44:18.000Z,,1105238043106181120,id: 1105238043106181120,3036,735,1831,2240,,"Our agreement provides meaningful clarifications &amp; legal guarantees to the Withdrawal Agreement &amp; #backstop. The choice is clear: it is this deal, or #Brexit may not happen at all. Letâ€™s bring the UKâ€™s withdrawal to an orderly end. We owe it to history. 

https://t.co/lfy9eehEZi https://t.co/XCqcLwZV7V",2010-07-22T09:12:28.000Z,Luxembourger. European.,169426475,Jean-Claude Juncker,698140,947,5018,1849,JunckerEU,True
94,169426475,author_id: 169426475,conv_id: 1103970194442149888,1103970194442149888,2019-03-08T10:46:19.000Z,,1103970194442149888,id: 1103970194442149888,884,29,152,338,,"Europe ranks among the safest and most equal places for #women in the world. The number of women in employment is at a historical high. #Europe is making progress but we must speed up change! 

#InternationalWomensDay 

https://t.co/Qg9CDD1xPY https://t.co/A4EWTk6Jm9",2010-07-22T09:12:28.000Z,Luxembourger. European.,169426475,Jean-Claude Juncker,698140,947,5018,1849,JunckerEU,True
95,169426475,author_id: 169426475,conv_id: 1102862521642422272,1102862521642422272,2019-03-05T09:24:50.000Z,,1102862521642422272,id: 1102862521642422272,184,5,46,54,,"Mit Klaus Kinkel verliere ich einen guten Freund und einen Wegbegleiter in europÃ¤ischen Fragen, mit dem ich in den essentiellen Fragen unseres europÃ¤ischen Wirkens immer wieder zusammenfand. Uns verlÃ¤sst ein deutscher Patriot und ein groÃŸer EuropÃ¤er.

https://t.co/ySjjVbRDm5",2010-07-22T09:12:28.000Z,Luxembourger. European.,169426475,Jean-Claude Juncker,698140,947,5018,1849,JunckerEU,True
96,169426475,author_id: 169426475,conv_id: 1100025000361447427,1100025000361447427,2019-02-25T13:29:32.000Z,"[{'start': 22, 'end': 37, 'username': 'AlsisiOfficial', 'id': '2419191913'}]",1100025000361447427,id: 1100025000361447427,316,30,164,132,,"Grateful to President @AlsisiOfficial and to all 49 European and Arab leaders for this successful #EULASSummit. We will build our future together not against each other.

https://t.co/IpaJHFsjtn https://t.co/nS0T3a5tel",2010-07-22T09:12:28.000Z,Luxembourger. European.,169426475,Jean-Claude Juncker,698140,947,5018,1849,JunckerEU,True
97,169426475,author_id: 169426475,conv_id: 1097906522103910400,1097906522103910400,2019-02-19T17:11:27.000Z,,1097906522103910400,id: 1097906522103910400,679,13,71,143,,"C'est avec une grande tristesse que j'ai appris le dÃ©cÃ¨s de #KarlLagerfeld, un Allemand qui a fait rayonner l'Ã©lÃ©gance franÃ§aise et europÃ©enne Ã  travers le monde entier.

Als Wanderer zwischen den Nationen kannte er keine Grenzen.

https://t.co/iisaP2XVS2",2010-07-22T09:12:28.000Z,Luxembourger. European.,169426475,Jean-Claude Juncker,698140,947,5018,1849,JunckerEU,True
98,169426475,author_id: 169426475,conv_id: 1097140191641387010,1097140191641387010,2019-02-17T14:26:20.000Z,,1097140191641387010,id: 1097140191641387010,1004,46,100,395,,"Î— Î´Î¹ÎºÎ¹Î¬ Î¼Î¿Ï… Î•Ï…ÏÏÏ€Î· ÎµÎ¯Î½Î±Î¹ Î±Ï…Ï„Î® Ï€Î¿Ï… ÏƒÏ…Î¼Î²ÏŒÎ»Î¹Î¶Îµ Î¿ Î”Î¹Î¿Î½ÏÏƒÎ·Ï‚ Î‘ÏÎ²Î±Î½Î¹Ï„Î¬ÎºÎ·Ï‚. 
ÎšÎ±Î»ÏŒ ÏƒÎ¿Ï… Ï„Î±Î¾Î¯Î´Î¹, Ï†Î¿ÏÏÎ½Î±ÏÎ· Ï„Î·Ï‚ ÎšÏ‰ Ï€Î¿Ï… ÎºÎ¬Î¸Îµ Î¼Î­ÏÎ± Î­Î´Î¹Î½ÎµÏ‚ ÏˆÏ‰Î¼Î¯ ÏƒÏ„Î¹Ï‚ Ï€ÎµÎ¹Î½Î±ÏƒÎ¼Î­Î½ÎµÏ‚ ÎºÎ±Î¹ Ï„Î±Î»Î±Î¹Ï€Ï‰ÏÎ·Î¼Î­Î½ÎµÏ‚ ÏˆÏ…Ï‡Î­Ï‚. 
https://t.co/Izb1HG0hAa",2010-07-22T09:12:28.000Z,Luxembourger. European.,169426475,Jean-Claude Juncker,698140,947,5018,1849,JunckerEU,True
99,169426475,author_id: 169426475,conv_id: 1095975976645918720,1095975976645918720,2019-02-14T09:20:09.000Z,,1095975976645918720,id: 1095975976645918720,563,34,159,258,,"With the European Pillar of Social Rights, we anchored a strong #social dimension in the future of the #EU. With todayâ€™s agreement on the European Labour Authority, we take another big step forward in delivering on our commitment for a more social Europe. 
https://t.co/xvlDcW57yL",2010-07-22T09:12:28.000Z,Luxembourger. European.,169426475,Jean-Claude Juncker,698140,947,5018,1849,JunckerEU,True
100,169426475,author_id: 169426475,conv_id: 1095390739926790145,1095390739926790145,2019-02-12T18:34:38.000Z,,1095390739926790145,id: 1095390739926790145,209,6,62,64,,Câ€™est avec une grande tristesse que je viens dâ€™apprendre la nouvelle du dÃ©cÃ¨s de la SÅ“ur de Son Altesse royale le Grand-Duc Jean de Luxembourg. https://t.co/tC4MYWnV5P,2010-07-22T09:12:28.000Z,Luxembourger. European.,169426475,Jean-Claude Juncker,698140,947,5018,1849,JunckerEU,True
101,169426475,author_id: 169426475,conv_id: 1090999585688948738,1090999585688948738,2019-01-31T15:45:45.000Z,,1090999585688948738,id: 1090999585688948738,2003,155,269,785,,"Midnight in Tokyo, 16:00 in Brussels. The #EUJapan agreement now applies to European products reaching Japan. And in a few more hours, to Japanese products reaching Europe. #EUTrade https://t.co/8HW6rrYv3H",2010-07-22T09:12:28.000Z,Luxembourger. European.,169426475,Jean-Claude Juncker,698140,947,5018,1849,JunckerEU,True
102,169426475,author_id: 169426475,conv_id: 1089463009729224704,1089463009729224704,2019-01-27T09:59:57.000Z,,1089463009729224704,id: 1089463009729224704,1665,47,215,711,,"Ignorance is dangerous. 
#WeRemember #HolocaustRemembranceDay 

https://t.co/EqYeEViT2z https://t.co/FUIj48MqVI",2010-07-22T09:12:28.000Z,Luxembourger. European.,169426475,Jean-Claude Juncker,698140,947,5018,1849,JunckerEU,True
103,169426475,author_id: 169426475,conv_id: 1088073543047434242,1088073543047434242,2019-01-23T13:58:42.000Z,"[{'start': 17, 'end': 33, 'username': 'krisjaniskarins', 'id': '99914275'}]",1088073543047434242,id: 1088073543047434242,447,23,91,145,,"Congratulations, @krisjaniskarins. This year we mark 15 years since #Latvia joined our European family, reconciling geography and history, and five years since it joined the â‚¬-area. I count on you to continue Latviaâ€™s active contribution to the European project. ğŸ‡ªğŸ‡ºğŸ‡±ğŸ‡» https://t.co/vfth6hgAeC",2010-07-22T09:12:28.000Z,Luxembourger. European.,169426475,Jean-Claude Juncker,698140,947,5018,1849,JunckerEU,True
104,169426475,author_id: 169426475,conv_id: 1087682445066096641,1087682445066096641,2019-01-22T12:04:37.000Z,,1087682445066096641,id: 1087682445066096641,573,26,100,194,,"La France, lâ€™Allemagne et lâ€™Europe vont ensemble. Es braucht die deutsch-franzÃ¶sische Freundschaft, um Europa in Frieden und Freiheit zusammenzufÃ¼hren, wÃ¤hrend wir alle Farben Europas respektieren.  https://t.co/9mWzI7b9fO

ğŸ‡«ğŸ‡·ğŸ‡©ğŸ‡ªğŸ‡ªğŸ‡º 
#TraitÃ©dAixLaChapelle #AachenerVertrag https://t.co/aKZnvQ6mWh",2010-07-22T09:12:28.000Z,Luxembourger. European.,169426475,Jean-Claude Juncker,698140,947,5018,1849,JunckerEU,True
105,169426475,author_id: 169426475,conv_id: 1086240503581077509,1086240503581077509,2019-01-18T12:34:52.000Z,"[{'start': 16, 'end': 26, 'username': 'SwedishPM', 'id': '747426555417198592'}]",1086240503581077509,id: 1086240503581077509,208,9,82,81,,Congratulations @SwedishPM on your confirmation vote. I look forward to continuing our excellent cooperation in our many areas of common interest. https://t.co/c6srlReBSZ,2010-07-22T09:12:28.000Z,Luxembourger. European.,169426475,Jean-Claude Juncker,698140,947,5018,1849,JunckerEU,True
106,169426475,author_id: 169426475,conv_id: 1085263377411145728,1085263377411145728,2019-01-15T19:52:07.000Z,"[{'start': 58, 'end': 73, 'username': 'HouseofCommons', 'id': '950249762'}]",1085263377411145728,id: 1085263377411145728,9215,1307,3868,4791,,"I take note with regret of the outcome of the vote in the @HouseofCommons this evening. I urge the #UK to clarify its intentions as soon as possible. Time is almost up #Brexit 

https://t.co/SMmps5kexn",2010-07-22T09:12:28.000Z,Luxembourger. European.,169426475,Jean-Claude Juncker,698140,947,5018,1849,JunckerEU,True
107,169426475,author_id: 169426475,conv_id: 1084873491147620354,1084873491147620354,2019-01-14T18:02:50.000Z,"[{'start': 92, 'end': 106, 'username': 'EU_Commission', 'id': '157981564'}]",1084873491147620354,id: 1084873491147620354,915,10,47,289,,"It is with great sadness that I learnt of the tragic death of PaweÅ‚ Adamowicz. On behalf of @EU_Commission, I extend our deepest condolences.
Z wielkim smutkiem dowiedziaÅ‚em siÄ™ o tragicznej Å›mierci PawÅ‚a Adamowicza. W imieniu Komisji Europejskiej przekazujÄ™ wyrazy wspÃ³Å‚czucia. https://t.co/RJDthXHEAM",2010-07-22T09:12:28.000Z,Luxembourger. European.,169426475,Jean-Claude Juncker,698140,947,5018,1849,JunckerEU,True
108,169426475,author_id: 169426475,conv_id: 1084767077892804608,1084767077892804608,2019-01-14T11:00:00.000Z,"[{'start': 12, 'end': 24, 'username': 'theresa_may', 'id': '747807250819981312'}, {'start': 40, 'end': 54, 'username': 'eucopresident', 'id': '196994616'}]",1084767077892804608,id: 1084767077892804608,1290,249,427,1028,,"My reply to @theresa_may, together with @eucopresident, providing clarifications to the #Brexit Withdrawal Agreement and Political Declaration. https://t.co/f0PalJkRVu",2010-07-22T09:12:28.000Z,Luxembourger. European.,169426475,Jean-Claude Juncker,698140,947,5018,1849,JunckerEU,True
109,169426475,author_id: 169426475,conv_id: 1083801774904037376,1083801774904037376,2019-01-11T19:04:13.000Z,,1083801774904037376,id: 1083801774904037376,494,39,168,130,,"Ich fÃ¼hle mich geehrt den #LEG19 Freiheitspreis der Medien entgegenzunehmen. Ohne Medienfreiheit und Pressefreiheit gibt es keine Demokratie 

Honoured to receive the #LEG19 Media Freedom prize: Without freedom of the press there is no democracy. https://t.co/yBqipeCU3I",2010-07-22T09:12:28.000Z,Luxembourger. European.,169426475,Jean-Claude Juncker,698140,947,5018,1849,JunckerEU,True
110,169426475,author_id: 169426475,conv_id: 1080444383864987648,1080444383864987648,2019-01-02T12:43:09.000Z,"[{'start': 275, 'end': 286, 'username': 'larsloekke', 'id': '26201346'}]",1080444383864987648,id: 1080444383864987648,785,7,60,168,,My sincere condolences to the families &amp; friends of the victims and the Danish people. Lives were sadly cut short when people travelled back from the festive season. I commend the rescue services for their work &amp; wish for a speedy recovery of the injured passengers. @larsloekke https://t.co/AoR4wLRYvr,2010-07-22T09:12:28.000Z,Luxembourger. European.,169426475,Jean-Claude Juncker,698140,947,5018,1849,JunckerEU,True
